day,total_bill
Sun,21.41
Sat,20.44137931034483
Thur,17.682741935483868
Fri,17.15157894736842
